{
    "loss": 0.05944536626338959,
    "accuracy": 0.9901960492134094
}