{
    "loss": 0.16162240505218506,
    "accuracy": 0.9607843160629272
}